Reviewer,paper source,Type,LaaJ_Paradigm,Title,Authors,Journal/Venue,Year,DOI/URL,Study Design,Healthcare Setting,Medical Specialty,Clinical Task Category,Implementation Stage,Regulatory Framework,Patient Safety Protocol,Clinician Involvement,Patient Involvement,Working Model Name,Model Family,Model Size,Medical Specialization,Adaptation Method,Few-shot Examples,Prompt Engineering,LLM-as-a-Judge Approach,Judge Model Name,Judge Model Family,Judge Specialization,Human-in-the-Loop Role,Judge Validation Method,Number of Human Experts,Expert Credentials,Agreement Measure,Agreement Score,Bias Testing,Bias Mitigation,Fairness Assessment,Robustness Testing,Dataset Size,Data Source,Data Type,De-identification,Dataset Availability,Geographic Coverage,Language(s),Code Availability,Prompt Templates Available,Key Limitations,Generalizability,Cross-Domain Testing,Deployment Readiness,Future Work Suggested,Other comment,exclude from full text evidence synthesis ,Unnamed: 55
CL,11293,Methodology,pointwise,Automating Evaluation of AI Text Generation in Healthcare with a Large Language Model (LLM)-as-a-Judge,"Emma Croxford, Yanjun Gao, Elliot First, et al.",medRxiv [Preprint],2025,10.1101/2025.04.22.25326219,Validation Study,Academic Medical Center,General Medicine / Multiple Specialties,Clinical Documentation; Quality Assessment,Research / Proof-of-Concept,HIPAA,IRB Review,"Yes, as gold standard evaluators",Not Specified,GPT4o; Mixtral 8x7B; Llama 3-8B,GPT; Mixtral; Llama,Not Specified; Not Specified; 8 billion parameters,Not Specified,Prompt Engineering; Few-shot Learning; Supervised Fine-Tuning (SFT); Direct Preference Optimization (DPO),"Yes (0, 1, 3, or 5)",Yes,Yes,GPT-o3-mini,GPT,Yes (via adaptation),Gold Standard / Benchmark,Comparison to human expert scores,7,Physicians,Intraclass Correlation Coefficient (ICC),0.818,Yes,Not Specified,Not Specified,Yes,"200 summaries (160 train/dev, 40 test); 31 summaries for cross-task validation",UW Health EHR; MIMIC-III database,EHR Clinical Notes,Not Applicable for primary dataset (used under IRB); Yes for cross-validation dataset,Partially Available,United States,English,Yes,Yes,Limited data sources; Task-specific validation; High computational cost,"Potentially generalizable framework, but needs further validation",Yes (Cross-task),Enables readiness assessment,External validation; Extension to new tasks; Exploration of new training methods,,,
CL,12010,Reinforcement Learning,pairwise,Fine-tuning large language models for improved health communication in low-resource languages,"Nhat Bui, Giang Nguyen, Nguyen Nguyen, Bao Vo, Luan Vo, Tom Huynh, Arthur Tang, Van Nhiem Tran, Tuyen Huynh, Huy Quang Nguyen, Minh Dinh",Computer Methods and Programs in Biomedicine,2025,https://doi.org/10.1016/j.cmpb.2025.108655,Methodological Study,Simulated / In-silico setting,General Medicine; Cardiovascular Disease; Musculoskeletal Diseases; Neurology,Patient Education / Health Information Provision,Proof-of-concept / Pre-clinical validation,Mentioned WHO guidelines on ethical use of AI,Not Specified,Data Curation,Not Specified,BloomZ-3B; LLaMA2–7B; LLaMA2–13B,BLOOM; Llama,3B parameters; 7B parameters; 13B parameters,Specialized via fine-tuning,Fine-tuning (LoRA; QLoRA),,Used for dataset generation,Yes,ChatGPT4,GPT,General-purpose model,N/A (for evaluation),Cited alignment with human judgment from previous studies,0 (for evaluation); 2 (for data curation),Vietnamese physicians,BERTScore; Rouge-L; Categorical judgment (Better/Worse/Tie),LLaMA2-13B: Fine-tuned model judged better in 89.5% of cases.,Not Specified,Fine-tuning to improve performance for a low-resource language (Vietnamese),Not Specified,Not Specified,"Fine-tuning: ~337,000 prompt-response pairs; Evaluation: 578 QA pairs","Existing datasets (ViHealthQA, PubmedQA, HealthMagicQA); Vietnamese medical online forums; Vietnamese medical textbooks",Text (prompt-response pairs),"Not specified for all sources, but data generation prompts included instructions to remove identifiers",Available from the corresponding author upon reasonable request,Vietnam,Vietnamese; English (for source datasets before translation),Not Specified,Yes,Absence of human evaluators; Challenges in dataset compilation for low-resource languages; Lack of analysis on data quantity effects,Methodology is generalizable to other low-resource languages and domains,Yes,Not ready for deployment (due to resource challenges),Incorporate expert reviews in evaluation; Focus research on the needs of developing countries; Foster collaborations with local healthcare professionals,,Include,
CL,14268,Agent building,"pointwise,Agent-based ",Creating a biomedical knowledge base by addressing GPT inaccurate responses and benchmarking context,"S. Solomon Darnell, Rupert W. Overall, Andrea Guarracino, Vicenza Colonna, Flavia Villani, Erik Garrison, Arun Isaac, Priscilla Muli, Frederick Muriuki Muriithi, Alexander Kabui, Munyoki Kilyungi, Felix Lisso, Adrian Kibet, Brian Muhia, Harm Nijveen, Siamak Yousefi, David Ashbrook, Pengzhi Huang, G. Edward Suh, Muhammad Umar, Christopher Batten, Hao Chen, Saunak Sen, Robert W. Williams, and Pjotr Prins",bioRxiv (preprint),2024,https://doi.org/10.1101/2024.10.16.618663,Development and evaluation study; Benchmarking study with mixed methods (automated RAGAS + human evaluation),Research setting; Integrated web service,Systems genetics; Aging; Dementia; Alzheimer's disease; Diabetes,Literature retrieval and summarization; Question-answering system; Knowledge base,Deployment stage (operational),Not Specified,Not Specified,Yes - Domain expert evaluation and feedback,Not Specified,"OpenAI GPT-4, GPT-3.5, GPT-4o; FahamuAI ""digest"" (RAG service)","GPT-3.5, GPT-4, GPT-4o (OpenAI)",Not Specified,"GNQA: domain-specialized for aging, dementia, Alzheimer's, diabetes, and GeneNetwork research",RAG (Retrieval Augmented Generation),Not Specified,Yes - Prompts used for RAGAS evaluation and question generation,Yes - RAGAS uses GPT for automated evaluation,OpenAI GPT (used within RAGAS framework),GPT (OpenAI),General-purpose LLM adapted for RAG evaluation,Expert evaluation and feedback; Rating system (thumbs up/down),Combined approach: RAGAS automated evaluation + human expert rating (thumbs up/down),21 volunteers total (11 domain experts + 10 citizen scientists),"Domain experts: graduate degree in biology or majored in biology; Citizen scientists: undergraduate level or less, did not major/minor in biology",Not explicitly reported,Not Specified,Not Specified,Not Specified,Not Specified,Yes - Hallucination assessment via faithfulness metric; Performance tested across user groups and topics,"Corpus: 3000 publications (1000 GeneNetwork, 1000 aging, 1000 diabetes); Questions: 113 unique human questions (52 domain experts, 61 citizen scientists) + 120 GPT-generated questions",Peer-reviewed publications; PubMed; GeneNetwork.org metadata,Peer-reviewed literature (PDF documents); Text extracted and processed into 100-word paragraphs,"N/A (publicly available publications, not patient data)",Partial - Code available; Questions listed in appendix,Not Specified (global scientific literature),English,Yes - Open source,"Partial - Some prompts provided (RAGAS, question generation) but not all",1) Reliance on proprietary closed-source OpenAI API (not FAIR); 2) Limited corpus size (3000 publications); 3) Performance depends on corpus coverage; 4) Hallucination still occurs; 5) Non-linear scalability challenges; 6) Lower context relevance scores,"Limited to specific domains: aging, dementia, Alzheimer's, diabetes, and GeneNetwork-related research","Yes - Tested across 3 research topics (GeneNetwork, aging, diabetes) and 2 user groups (domain experts, citizen scientists)",Deployed and operational,"1) Expand corpus with textbooks and additional publications; 2) Implement open-source LLMs (Llama, Mamba, Olmo); 3) Use open-source RAG engine (R2R); 4) Implement agents for real-time updates; 5) Improve prompting; 6) Address scalability",,,
CL,11284,Benchmark,pointwise,Leveraging Professional Radiologists' Expertise to Enhance LLMs' Evaluation for Radiology Reports,"Qingqing Zhu, Xiuying Chen, Qiao Jin, Benjamin Hout, Tejas Sudharshan Mathai, Pritam Mukherjee, Xin Gao, Ronald M. Summers, Zhiyong Lu",arXiv,2024,https://arxiv.org/abs/2401.16578,Methodological Development and Validation,Academic Medical Center,Radiology,Evaluation of AI model output,Research / Validation,HIPAA; Data Use Agreement,Data Privacy,Design of Evaluation Method; Data Annotation,Not Specified,Detailed GPT-4 (5-shot); Regressed GPT-4,GPT (Generative Pre-trained Transformer),Not Specified,General Purpose Model,Prompt Engineering; In-Context Learning; Chain-of-Thought,1; 5,Yes,Yes,GPT-4; GPT-3.5,GPT,General Purpose Model,Prompt Engineer; Gold-Standard Annotator,Correlation with Human Experts,4,Physician with doctoral degree; Biomedical informatics trainees; Radiology expert,Kendall's Tau; Cohen's Kappa,Kendall's Tau = 0.64; Cohen's Kappa = 0.74,Not Specified,Not Specified,Not Specified,Yes,95 pairs for evaluation; 5 pairs as templates,MIMIC-CXR Dataset,Text,Yes,Available on Request; Annotations to be Released,"Single-Center, USA",English,Not Specified,Yes,Limited Generalizability; Focus on Chest X-Rays,Limited / Not yet determined,No,Research Tool,Generalizability Testing,Include,"the paper used LLM-as-a-Judge approach , but did not call it , use scores different levels of approaches ",
CL,16475,Benchmark,pairwise,Ranking Over Scoring: Towards Reliable and Robust Automated Evaluation of LLM-Generated Medical Explanatory Arguments,"Iker De la Iglesia, Iakes Goenaga, Johanna Ramirez-Romero, Jose Maria Villa-Gonzalez, Josu Goikoetxea, Ander Barrena",Proceedings of the 31st International Conference on Computational Linguistics (COLING 2025),2025,https://github.com/hitz-zentroa/Ranking-Over-Scoring-COLING-2025,Methodological Development and Validation,University Hospital,General Medicine / Evidence-Based Medicine,Evaluation of AI model output,Research / Validation,Not Specified,Not Specified,Gold-Standard Annotation / Evaluation,Not Specified,LLM-Trained Evaluator,BERT / RoBERTa,Not Specified,Medically Specialized Model,Fine-tuning,1 (one-shot),Yes,No (Discriminative LM-as-a-Judge),"EriBERTa (in Baseline, Expert-Trained, and LLM-Trained configurations)",BERT / RoBERTa,Medically Specialized Model,Gold-Standard Annotator / Evaluator,Correlation with Human Experts,2,Clinicians with experience in medical annotation,Krippendorff's alpha,MMCQA: 0.72; Misinformation: 0.73; NLI: 0.44,Yes,Use of a Discriminative LM,Not Specified,Yes,61 (MMCQA); 39 (Misinformation); 98 (NLI),CasiMedicos; HealthFC; NLI4CT,Text,Not Specified,Yes,International,English,Yes,Yes,Token Limit; No direct measure of factuality,Addressed via multiple proxy tasks,Yes,Research Tool,Use of models with larger context windows; Explicit factuality checking,,,
CL,17046,Benchmark,pairwise,Constructing Domain-Specific Evaluation Sets for LLM-as-a-judge,"Ravi Raju Swayambhoo, Jain, Bo Li, Jonathan Li, Urmish Thakker",arXiv,2024,https://arxiv.org/abs/2408.08808,Methodological Development and Validation,Medical Research / Public Datasets,General Medicine,Evaluation of AI model output,Research / Validation,Not Specified,Not Specified,Not Specified,Not Specified,GPT-4o; GPT-4o-mini; Llama 3.1 405B Instruct; Llama 3.1 70B Instruct,GPT; Llama,405B; 70B,General Purpose Model,Prompt Engineering,0 (zero-shot),Yes,Yes,GPT-4o (default); GPT-4o-mini; Llama 3.1 405B Instruct; Llama 3.1 70B Instruct-Turbo,GPT; Llama,General Purpose Model,Data Curator; Gold-Standard Benchmark Provider,Correlation with Human Experts,Not Specified,Not Specified,Spearman's correlation coefficient; Agreement with Confidence Interval (CI),Spearman's correlation = 0.915; Agreement with CI = 84.44%,Yes,Prompt Engineering; Randomization,Not Specified,Yes,1573,Multiple Public Datasets,Text,Not Specified,Yes,Multilingual,English; ja; ar; th; hu; ru; sr; sl; tr,Yes,Yes,Manual Curation Required; Limited Number of Models Evaluated,High,Yes,Research Tool,Automation of Curation; Analysis of Reference Answer Quality; Quantifying Diversity,,,
CL,17761,Benchmark,pairwise,Limitations of the LLM-as-a-Judge Approach for Evaluating LLM Outputs in Expert Knowledge Tasks,"Annalisa Szymanski*, Noah Ziems*, Heather A. Eicher-Miller, Toby Jia-Jun Li, Meng Jiang, Ronald A. Metoyer",Not Specified (Preprint),2024,https://doi.org/10.1145/nnnnnnn.nnnnnnn,Mixed-Methods Comparative Evaluation Study,Multiple Domains,Dietetics/Nutrition and Mental Health/Psychology,Expert Knowledge Assessment and Evaluation,Research/Evaluation Framework Development,Not Specified,Not Specified,Primary Focus - SME Evaluators,Not Specified,GPT-4o; GPT-3.5-turbo (content generation); GPT-4 (judge),GPT (OpenAI),Not Specified,General Purpose with Expert Personas,Expert Persona Prompting,Not Specified,Yes - Expert Personas,Yes - Primary Focus of Study,GPT-4,GPT (OpenAI),Expert Persona Capability,Comparative Evaluators and Gold Standard,Pairwise Comparison with SME Agreement,20 SMEs + 20 Lay Users,Registered Dietitians (9.6 years avg) and Clinical Psychologists (15.2 years avg),Percentage Agreement,64-68% (SME-LLM); 80% (Lay User-LLM),Positional Bias Control,Order Randomization,Cross-Group Comparison,Cross-Domain and Cross-Evaluator,25 instructions per domain; Multiple evaluations,Literature-Curated Domain-Specific Instructions,Instruction-Response Pairs with Pairwise Comparisons,Not Applicable,Not Specified,Not Specified,English,Not Specified,Yes - Partial,"Limited domain scope, no fine-tuning with SME feedback",Limited Cross-Domain,Two Specialized Domains,Research Framework,"Multi-domain expansion, SME fine-tuning, pre-training analysis",,,
CL,16403,Reinforcement Learning,pointwise,Comparative Analysis and Evaluation of Well-being Activity-Infused Fine-Tuned Language Models with Benchmark Models.,"Hamza Haruna Mohammed, J. Artur Serrano, Gabriel Kiss, Frank Lindseth",2025 IEEE Symposium on Computational Intelligence in Health and Medicine (CIHM),2025,10.1109/CIHM64979.2025.10969481,Performance Evaluation,Academic Research,Cardiology; Preventive Medicine,Question Answering,Research / Validation,Not Specified,Not Specified,Data Curation; Evaluation,Not Specified,"LLaMA-3 8B, Mistral 7B v2, Mixtral 8x7B, StableBeluga 7B, Llama-2 13B (and their fine-tuned versions)",Llama; Mistral,7B; 8B; 13B; 8x7B,Fine-tuned on cardiac exercise & well-being data,Fine-tuning; QLoRA,0 (zero-shot),Yes,Yes (for scoring against a reference),gpt-3.5-turbo-instruct,GPT,General Purpose Model,Data Provider; Evaluation Support,Not Specified,Not Specified,N/S,Not Specified,Not Specified,N/S,Not Specified,Not Specified,Yes,"6,369 reports (for fine-tuning)",Cardiac Exercise Research Group (CERG); MedMCQA; MedQA; MMLU_Clinical,Text,Not Specified,Not Specified,Norway,English,Not Specified,Yes,Generalizability; Performance Variability,Limited,Yes,Not ready for deployment,Expand fine-tuning data; Integrate into clinical workflows,,,
CL,13993,Benchmark,pointwise,Large Language Models for Therapy Recommendations Across 3 Clinical Specialties: Comparative Study,Theresa Isabelle Wilhelm; Jonas Roos; Robert Kaczmarczyk,J Med Internet Res (Journal of Medical Internet Research),2023,doi: 10.2196/49324,Comparative performance evaluation,Simulated/Research,Multiple Specialties,Clinical Decision Support; Patient Education/Information Generation,Pre-clinical validation,Not Specified,Harmfulness assessment,Human evaluation (Rater/Annotator),,Claude-instant-v1.0; GPT-3.5-Turbo; Command-xlarge-nightly; Bloomz,Transformer,Not Specified,General purpose model,Prompt engineering,Not Specified (Implied Zero-shot),Yes,Yes,GPT-4,GPT (Transformer),General purpose model,Validation of automated evaluation,Comparison with human experts,3,Domain-specific physicians,Pearson correlation coefficient,Variable (r from 0.186 to 0.686),Not Specified,Not Specified,Not Specified,Not Specified,60 prompts (diseases),Expert-curated prompts,Text,Not Applicable,Available in supplementary material,Not Specified,English,Not Specified,Yes,Limited number of specialties; Limited number of physician evaluators; Simple prompting strategy; Snapshot in time (rapidly evolving models),Limited generalizability across medical domains,Yes,Not ready for deployment without oversight,Continuous evaluation of newer models; Use of advanced prompting techniques; Targeted model improvement using RLHF; Expansion of evaluation scope (more specialties and experts),,,
TO,14384,Reinforcement Learning,pointwise,Viability of Open Large Language Models for Clinical Documentation in German Health Care: Real-World Model Evaluation Study,"Heilmeyer, Felix, Bohringer, Daniel, Reinhard, Thomas, Arens, Sebastian, Lyssenko, Lisa and Haverkamp, Christian",JMIR Medical Informatics,2024,https://medinform.jmir.org/2024/1/e59617/pdf,Comparative Study,clinical documentation,Ophthalmology,medical report generation,model training,,Ethics approval obtained (Reg. no. 23-1444-S1),two clinical raters,,BLOOM-CLP-German,BLOOM / GPT-style,7 billion parameters,medical documentation text,training in-domain clinical text,,,Yes,Claude-v2,Claude,General-purpose model,evaluation of generated outputs,"Initial automated rating (Claude-v2), followed by human rating",2,clinical professionals,model outputs,93.1% (95/102 reports usable or minor edits needed by both raters),,,,Yes,"90,000 clinical documents",,Text,,,Germany,German,Not Specified,No,Limited compute; localized data;,,No,not yet broadly deployed,extend training to more datasets and real-world application,,Include,
TO,10913,Benchmark,pointwise,Interobserver agreement between artificial intelligence models in the thyroid imaging and reporting data system (TIRADS) assessment of thyroid nodules,"Leoncini, Andrea and Trimboli, Pierpaolo",Endocrine,2025,https://pmc.ncbi.nlm.nih.gov/articles/PMC12227502/pdf/12020_2025_Article_4272.pdf,Comparative Study,,Endocrinology,Risk of malignancy (RoM) assessment via TIRADS categories,research/evaluation,,,,,,"ChatGPT, Google Gemini, Claude",,General purpose,Scenario generation using TIRADS evaluation,,,Yes,"ChatGPT, Google Gemini, Claude",LLMs,General-purpose model,,Inter-AI agreement via statistics,,,Cohen’s kappa (κ),"ACR‑TIRADS: ChatGPT–Gemini κ = 0.58; ChatGPT–Claude = 0.53; Gemini–Claude = 0.90.
EU‑TIRADS: ChatGPT–Gemini = 0.73; ChatGPT–Claude = 0.62; Gemini–Claude = 0.72.
K‑TIRADS: ChatGPT–Gemini = 0.88; ChatGPT–Claude = 0.70; Gemini–Claude = 0.61.",,,,,90 scenarios reported,Artificially generated scenario cases combining TIRADS descriptors,Text,,,Not Specified,Not Specified,Not Specified,No,non‑negligible variability between AIs,Limited scenario evaluation,No,Not ready for deployment,need for real clinical data ,,Include,
TO,17413,Benchmark,pointwise,Taming large language models to implement diagnosis and evaluating the generation of LLMs at the semantic similarity level in acupuncture and moxibustion,"Li, S. S., Tan, W. J., Zhang, C. S., Li, J. L., Ren, H. Y., Guo, Y. L., Jia, J., Liu, Y. Y., Pan, X. F., Guo, J., Meng, W. and He, Z. S.",Expert Systems with Applications,2025,"https://pitt.primo.exlibrisgroup.com/discovery/fulldisplay?docid=cdi_crossref_primary_10_1016_j_eswa_2024_125920&context=PC&vid=01PITT_INST:01PITT_INST&lang=en&search_scope=MyInst_and_CI&adaptor=Primo%20Central&tab=Everything&query=any,contains,Taming%20large%20language%20models%20to%20implement%20diagnosis%20and%20evaluating%20the%20generation%20of%20LLMs%20at%20the%20semantic%20similarity%20level%20in%20acupuncture%20and%20moxibustion&offset=0",Experimental,Medicine diagnostic context,Acupuncture and Moxibustion,Acupuncture and Moxibustion,research,,,,patient acupuncture data,AcupunctureGPT,GPT-4,GPT-4 parameter scale,cupuncture/moxibustion knowledge,pre-trained GPT-4,,GKFP to generate statements,Yes,SSEM ,BERT,evaluation of text,,evaluation using SSEM,,,,,,,,,,patient consultation data with symptom pairs,Text,,,,,,,insufficient in capturing generation qulaity,Limited generalizability across medical domains,No,Not ready for deployment,further validation,,Include,
CL,grey literature search ,Agent building,"pointwise,Agent-based ",Healthcare agent: eliciting the power of large language models for medical consultation,"Zhiyao Ren, Yibing Zhan, Baosheng Yu, Liang Ding, Pingbo Xu & Dacheng Tao",npj Artificial Intelligence,2025,https://doi.org/10.1038/s44387-025-00021-x,Algorithm Development and Validation,Online / Telemedicine,General Practice; Multiple Specialties,Medical Consultation,Development / Validation,Not Specified,"Yes, integrated Safety Module",Evaluation; Human-in-the-loop validation,None (Simulated patients used),Llama-3; Mistral; Gemma-2; GPT-4; Claude-3.5; Gemini-1.5,Llama; Mistral; Gemma; GPT; Claude; Gemini,Not Specified,General purpose,Agent-based framework with prompt engineering,Not Specified,Yes,Yes,ChatGPT,GPT,General purpose,Yes,Correlation with human experts,7,Physicians / Doctors,Pearson correlation,"Reported per metric (e.g., 0.57, 0.71)",Not Specified,Not Specified,Not Specified,Yes (Tested across different LLMs),50 (automated evaluation); 15 (doctor evaluation),MedDialog dataset,Text (Consultation transcripts),Not Specified (Used public dataset),Available in supplementary material,China,English,Available in supplementary material,Available in supplementary material,Performance gap between models; Evaluation used simulated patients; Some models fail to follow instructions,High (across different LLMs),Yes (across different medical specialties),Not ready for deployment (requires clinical testing),Real-world clinical testing; Fine-tuning LLMs,,,
CL,grey literature search ,Benchmark,pointwise,Examining Trustworthiness of LLM-as-a-Judge Systems in a Clinical Trial Design Benchmark,"Corey Curran, Nafis Neehal, Keerthiram Murugesan, Kristin P. Bennett",2024 IEEE International Conference on Big Data (Big Data),2024,10.1109/BigData62323.2024.10825592,Methodology / Validation Study,Clinical Research / Trial Design,Multiple Specialties,Evaluation / Validation,Development / Prototyping,Not Specified,Not Applicable,Not Specified,No,GPT-4o; Llama-3-70B-Instruct,GPT; Llama,Not Specified (for GPT-4o); 70B (for Llama-3),General purpose,In-context learning (Zero-shot and Few-shot),Yes (Three-shot),Yes,Yes,LaaJ-alpha (GPT-4o based),GPT,General purpose,No,Coherence Checking / Algorithmic Correction,Not Applicable,Not Applicable,Hallucination Rate,0.54 (CT-Pub); 0.17 (CT-Repo),Not Specified,Not Specified,Not Specified,Yes (Coherence checking for hallucinations),"100 trials (CT-Pub); 1,690 trials (CT-Repo)",clinicaltrials.gov,Text (Clinical trial metadata and feature lists),Not Specified (Used public data),Yes,Not Specified,English,Not Specified,Not Specified,Corrected metrics are pessimistic,"Potentially generalizable framework, tested in a specific domain",No,Research / Prototype Phase,Improve corrected metrics; Reduce hallucinations via prompting/fine-tuning; Investigate causes of hallucinations; Generalize matching task for knowledge assessment,,,
CL,grey literature search ,Benchmark,pointwise,MedQA-CS: Benchmarking Large Language Models Clinical Skills Using an AI-SCE Framework,"Zonghai Yao, Zihao Zhang, Chaolong Tang, Xingyu Bian, Youxia Zhao, Zhichao Yang, Junda Wang, Huixue Zhou, Won Seok Jang, Feiyun Ouyang, Hong Yu",arXiv (preprint),2024,arXiv:2410.01553v1 [cs.AI],Benchmarking study / Evaluation framework development,Simulated clinical examination (OSCE-based),Multiple specialties,"Information gathering, Physical examination, Closure, Differential diagnosis",Research/Benchmarking stage,N/S,N/S,Yes - Expert evaluation and annotation,No - Simulated patients only,"Multiple: GPT-4, GPT-4o, GPT-3.5-turbo, Claude-3-opus, Claude-3-sonnet, Claude-3-haiku, Claude-3.5-sonnet, Llama2, Llama3, Mistral, Mixtral, GLM-4, Qwen2, OpenBioLLM, BioMistral","Multiple families: GPT, Claude, Llama, Mistral, GLM, Qwen",Range from 0.5B to 72B parameters,Mixed - Some medically-adapted models included,"Domain adaptation training, Direct Preference Optimization (DPO) and variants (SimPO, IPO, KTO, RDPO, ORPO)",N/S,Yes - Extensive prompt design,Yes - Core contribution (MedExamLLM),GPT-4 (primary judge model),GPT (OpenAI),Not medically specialized,Expert validation and correlation analysis,Pearson correlation and Kendall's τ against expert evaluations,3 medical experts,Medical practitioners with ≥2 years hospital experience,"Pearson's r, Kendall's τ, and Kendall's W",High agreement: Pearson's r: 0.77-0.99; Kendall's τ: 0.54-0.90; Kendall's W: 0.78-0.91,N/S,N/S,N/S,N/S,"1,667 data points across 44 cases",USMLE Step 2 CS guidelines (publicly available study materials),"Text-based clinical scenarios (doorway information, conversations, examination findings)",N/A - Simulated data,Publicly available,United States,English,Yes - Publicly available,Yes - Detailed in Appendix C,"Small sample size (44 cases), English-only, text-only modality, no treatment plans, no reasoning evaluation, limited generalizability",Limited - Specific to USMLE Step 2 CS format,No,Not deployment-ready - Research benchmark only,"Yes - Larger datasets, multimodal data, multilingual, treatment plans, reasoning evaluation",,,
CL,grey literature search ,Benchmark,pointwise,HealthBench: Evaluating Large Language Models Towards Improved Human Health,"Rahul K. Arora, Jason Wei, Rebecca Soskin Hicks, Preston Bowman, Joaquin Quiñonero-Candela, Foivos Tsimpourlas, Michael Sharman, Meghan Shah, Andrea Vallone, Alex Beutel, Johannes Heidecke, Karan Singhal",Not Specified,2025,https://github.com/openai/simple-evals,Benchmark development and validation study,Multiple settings; Individual users; Healthcare professionals,Multiple specialties (26 total),Multiple tasks; Emergency referrals; Clinical documentation; Diagnosis support; Patient communication; Health data transformation,Research/Evaluation stage,Not Specified,Physician validation; Consensus criteria for safety-critical dimensions,262 physicians; Rubric creation; Validation; Quality review,Not Specified,Multiple models: GPT-3.5 Turbo; GPT-4o; GPT-4.1; o1; o3; Claude 3.7 Sonnet; Gemini 2.5 Pro; Grok 3; Llama 4 Maverick,Multiple families: GPT; Claude; Gemini; Grok; Llama,Multiple sizes: nano; mini; standard; large (specific parameter counts not provided),Not medically specialized (general purpose models),Not Specified,Not Specified,Yes; Used for grading prompts,Yes; GPT-4.1 as primary grader,GPT-4.1,GPT,Not medically specialized,Validation; Meta-evaluation; Consensus criteria assignment,Macro F1 score against physician judgments; Meta-evaluation on consensus criteria,262 physicians,All completed medical school; Actively practiced within last 5 years; 50% independent practice or staff physicians; 17% fellows; 23% third year residents or above; 10% first or second year residents,Macro F1 (MF1) score,Model-physician MF1: 0.572-0.706 across themes (GPT-4.1); Physician-physician weighted average MF1: 0.569-0.730 across themes,Not Specified,Not Specified,Not Specified,Yes; Worst-at-k performance measured,"5,000 conversations; 48,562 unique rubric criteria",Synthetically generated (majority); Physician red teaming; HealthSearchQA dataset,Multi-turn text conversations,Not applicable (synthetic data),Open-source; Available on GitHub,60 countries,49 languages,Yes; Open-source on GitHub,Yes; Partial,Physician disagreement in interpretation and grading; Example-specific criteria not validated by multiple physicians (except consensus criteria); Criteria not comprehensive per example; Physician-written response quality dependent on task framing; Does not measure real-world outcomes,"Designed for broad generalizability across health contexts, languages, and geographies; Noted that real-world deployment requires use case-specific evaluation",Yes; Seven themes and five behavioral axes,Not deployment-ready; Research benchmark only,Real-world studies measuring health outcomes in specific workflows; Expanding benchmark as new use cases develop; Multi-response workflow evaluation; Integration of outcomes beyond response quality,,,
CL,grey literature search ,Agent building,"pointwise,Agent-based ",MAGI: Multi-Agent Guided Interview for Psychiatric Assessment,"Guanqun Bi, Zhuang Chen, Zhoufu Liu, Hongkai Wang, Xiyao Xiao, Yuqiang Xie, Wen Zhang, Yongkang Huang, Yuxuan Chen, Libiao Peng, Yi Feng, Minlie Huang",arXiv preprint,2025,arXiv:2504.18260v1,Multi-agent framework development and validation study,University mental health services; School-based study,Psychiatry; Mental Health; Clinical Psychology,Structured psychiatric interview; Diagnostic assessment,Research/Development with real-world validation; Demo deployed,Not Specified,Yes; Multi-tiered intervention protocol for at-risk participants,2 licensed psychologists; Diagnostic annotation and validation,"1,002 participants",GPT-4o; Claude-3.5-sonnet; GLM-Zero; DeepSeek-R1,Multiple families: GPT; Claude; GLM; DeepSeek,Not Specified,Not medically specialized; General-purpose LLMs,Multi-agent framework; Specialized prompting; Role-based agents,Yes; 3-shot learning tested,Yes; Extensive prompt design for agents and diagnosis,Yes; Judgment agent evaluates responses,Not Specified,Not Specified,Not medically specialized,Validation; Diagnostic annotation; Quality review,Inter-rater reliability (ICC); Cohen's kappa; Agreement with expert annotations,2 licensed psychologists,Licensed psychologists; APA-accredited; 10-15 years clinical experience,Intraclass Correlation Coefficient (ICC); Cohen's kappa (κ); Macro-F1,Initial ICC: 0.78; Final ICC: 0.87; Cohen's κ > 0.85; PsyCoT κ: 0.535-0.942 across disorders,Not Specified,Not Specified,Not Specified,Not Specified,"1,002 interview sessions",University mental health services; Simulated participants based on LLMs,Multi-turn conversational interviews (text and audio),Yes; Anonymized data; No biometric identifiers,Not Specified,Not Specified; University-based in China (implied),English; Chinese (bilingual),Not Specified,Yes; Full prompts in Appendix D,Needs longitudinal validation; Diverse populations required; PsyCoT enhancement for comorbidities needed; Real-time emotion detection improvement needed; Clinical integration protocols required,Tested across 4 mental health conditions; Framework designed to be generalizable,Yes; 4 psychiatric conditions,Research stage with demo deployment; Not clinically deployed,Yes; Longitudinal validation; Diverse populations; Enhanced PsyCoT for comorbidities; Improved emotion detection; Clinical integration protocols,,,
CL,grey literature search ,Methodology,pointwise,DOCLENS: Multi-aspect Fine-grained Evaluation for Medical Text Generation,"Yiqing Xie, Sheng Zhang, Hao Cheng, Pengfei Liu, Zelalem Gero, Cliff Wong, Tristan Naumann, Hoifung Poon, Carolyn Rosé",arXiv preprint,2024,arXiv:2311.09581v3,Framework development and validation study with human evaluation,Research setting using existing medical datasets,Multiple: Clinical documentation; Radiology; General medicine (patient questions),Medical text generation evaluation,Research/Framework development with evaluation on existing datasets,Not Specified,Not Specified,5 medical experts for human evaluation,Unclear; uses existing de-identified datasets,"Evaluators: GPT-4, GPT-3.5-turbo, Mistral-7B, TRUE; Generators: BioBART, BART+SAMSum","Multiple families: GPT (OpenAI), Mistral, TRUE (NLI), BioBART, BART",Mistral-7B specified; others not specified,Mixed: TRUE trained on MedNLI (medical); BioBART is biomedical; GPT models general-purpose,Prompt engineering; Few-shot in-context learning; JSON formatting; Chain-of-Thought (CoT),"Yes; 0-shot, 1-shot, 2-shot, 6-shot, 12-shot tested",Yes; Extensive prompt design including JSON output format and CoT reasoning,Yes; Core methodology - LLMs evaluate medical text generation quality,GPT-4 (primary); Mistral-7B; TRUE,"GPT (OpenAI proprietary), Mistral (open-source), TRUE (supervised NLI)",TRUE is medically specialized (trained on MedNLI); GPT-4 and Mistral are general-purpose,Validation; Ground truth annotation; Agreement studies,Human agreement study; Spearman correlation (ρ); Kendall's tau (τ); Inter-annotator agreement,5 medical experts,Researchers in biomedical machine learning from two countries,"Spearman correlation (ρ), Kendall's tau (τ), Inter-annotator agreement","GPT-4 Claim Recall: ρ=0.787, τ=0.653 (O-Exam); ρ=0.732, τ=0.638 (A&P); IAA average ρ=0.763; TRUE much lower",Not Specified,Acknowledged GPT-4 self-bias concern; mitigated through multiple evaluators and human validation,Not Specified,"Tested across multiple tasks, datasets, and evaluator models",ACI-BENCH: 207 pairs (40 test); MIMIC-III: 200 sampled; MeQSum: 100 examples,"ACI-BENCH (clinical notes), MIMIC-III (radiology reports), MeQSum (patient questions)","Text: clinical dialogues, SOAP notes, radiology findings/impressions, patient health questions",Yes; existing public datasets with de-identification per original protocols,Yes; all public datasets,Not specified,English,Yes; GitHub repository,Yes; Full prompts in Appendix,Only public datasets; GPT-4 self-bias potential; open-source evaluator gap; no multimodal; no medical QA,Tested across 3 different medical text generation tasks and multiple datasets,Yes; 3 distinct medical text generation domains,Research/Framework stage; not clinically deployed,Yes; Improve open-source evaluators via medical pretraining and instruction tuning; extend to multimodal and QA; train evaluators for multiple feedback forms,,,
CL,grey literature search ,Benchmark,pointwise,LLMEval-Med: A Real-world Clinical Benchmark for Medical LLMs with Physician Validation,"Ming Zhang, Yujiong Shen, Zelin Li, Huayu Sha, Binze Hu, Yuhui Wang, Chenhao Huang, Shichun Liu, Jingqi Tong, Changhao Jiang, Mingxu Chai, Zhiheng Xi, Shihan Dou, Tao Gui, Qi Zhang, Xuanjing Huang",arXiv (preprint),2025,arXiv:2506.04078v3; https://github.com/llmeval/LLMEval-Med,Benchmark development and validation study,Not Specified,Multiple specialties: Basic Medicine; Clinical Medicine; Public Health and Preventive Medicine,Medical Knowledge; Medical Language Understanding; Medical Reasoning; Medical Text Generation; Medical Safety and Ethics,Research/Development (benchmark creation),Not Specified,Safety evaluation included as assessment dimension,"Yes - medical professionals involved in data creation, annotation, and validation",Not Specified,Multiple models evaluated: DeepSeek-R1; DeepSeek-V3; Qwen2.5-72B; Qwen2.5-32B; Mistral-24B; Llama-3.1-8B; o1-preview; o1-mini; GPT-4o; Baichuan-M1; Baichuan-M1-14B; HuatuoGPT-o1-72B; DISC-MedLLM,Multiple families: DeepSeek; Qwen; Mistral; Llama; GPT/o1 (OpenAI); Baichuan; HuatuoGPT; DISC-MedLLM,Ranges from 8B to 72B parameters,Some models are medically specialized: Baichuan-M1; Baichuan-M1-14B; HuatuoGPT-o1-72B; DISC-MedLLM,Not Specified,Not Specified,Yes - detailed prompts developed for evaluation tasks,Yes,GPT-4o,GPT (OpenAI),General purpose (not medically specialized),"Validation, quality control, and cross-verification",Human-machine agreement analysis,10 licensed physicians for factual verification; additional medical professionals for annotation,"Licensed physicians from affiliated hospitals, each specializing in distinct clinical domains (cardiology, gastroenterology, radiology); medical faculty; graduate-level medical students",Agreement rate (percentage),Overall: 92.36%; MK: 94%; MR: 94.26%; MLU: 86.62%; MSE: 95%; MTG: 67.32%,Not Specified,Not Specified,Not Specified,Limited - three rounds of randomized scoring,"2,996 total questions; 677 questions in test set","Real-world electronic health records; publicly available datasets (CBLUE, BioCreative V CDR, Medical-LLMs-Chinese-Exam, etc.); expert-designed clinical scenarios","Text (questions, answers, and prompts)",Not Specified,Yes - publicly available on GitHub,China (primarily Chinese medical contexts),Chinese (primarily),Dataset available on GitHub,Yes - detailed prompts provided in appendices,Primarily Chinese medical contexts limiting generalizability; text-based only (no multimodal data); requires regular updates as medical knowledge evolves,Limited - primarily applicable to Chinese healthcare contexts,Yes - multiple medical domains and specialties tested,Research/benchmark stage - not ready for clinical deployment,Regular updates to reflect current medical knowledge; expansion to other languages and healthcare systems; incorporation of multimodal medical tasks,,,
CL,grey literature search ,Methodology,pointwise,Comparing Two Model Designs for Clinical Note Generation; Is an LLM a Useful Evaluator of Consistency?,"Nathan Brake, Thomas Schaaf",arXiv preprint,2024,arXiv:2404.06503v1,"Comparative evaluation study with mixed methods (automatic metrics, human evaluation, LLM evaluation)",Electronic Health Record (EHR) documentation; Asynchronous clinical scribing,Multiple specialties (20 different specialties),Clinical documentation; SOAP note generation from doctor-patient conversations,Research/Development stage,Not Specified,Not Specified,Yes - physicians in data generation; medical experts in evaluation,Indirect (conversations recorded),PEGASUS-X large,PEGASUS-X Transformer,568M parameters,Fine-tuned on clinical data (not pre-specialized),Fine-tuning,Not applicable for working model,Not applicable for working model,Yes - Llama2 used for evaluation,Llama2 Chat,Llama2,No - general purpose LLM,Validation and comparison benchmark,Cohen Kappa inter-rater reliability with human consensus,"5 reviewers (3 medical experts, 2 non-medical experts)",Medical experts (n=3); Non-medical experts (n=2),"Cohen Kappa, Fleiss Kappa, Percentage Agreement","Cohen Kappa between Llama2 and human consensus: 0.79 (age), 1.00 (gender), 0.32 (body part consistency), 0.00 (coherence for 2-shot)",Not Specified,Not Specified,Not Specified,Yes - multiple model sizes and quantization levels tested,"Training: 9,800; Validation: 516; Test: 543 encounters",Proprietary dataset from asynchronous scribing configuration at Solventum,Doctor-Patient Conversation (DoPaCo) audio recordings with ASR transcripts,Yes,Not available (proprietary),Not Specified,Not Specified (likely English),Not Specified,Yes - provided in Appendix B,Small human evaluation sample (40 notes); ASR errors may impact quality; prompts developed on similar specialties; limited generalizability,Limited - specific to asynchronous scribing setting and included specialties,Yes - 20 different medical specialties included,Research stage (not deployment-ready),Yes - Objective section generation; robust evaluation suite; modified generation strategies,,,
CL,grey literature search ,Methodology,pointwise,Towards Leveraging Large Language Models for Automated Medical Q&A Evaluation,"Jack Krolik, Herprit Mahal, Feroz Ahmad, Gaurav Trivedi, Bahador Saket",arXiv preprint,2024,arXiv:2409.01941v1,LLM-as-a-judge validation study with iterative prompt engineering,Electronic Health Records (EHR) Q&A system,General patient information (multiple domains),Medical Question Answering (Q&A) evaluation,Research/Development - internal system evaluation,Not Specified,Data anonymization implemented,"Yes - medical team developed questions, ground truth, and validated evaluations",Indirect - patient data used for question development,In-house Q&A system (unnamed proprietary system),Not specified (proprietary),Not Specified,Not Specified,Not Specified,Not applicable for working model,Not applicable for working model,Yes - core contribution of the paper,ChatGPT-4o (GPT-4o),GPT-4 family (OpenAI),No - general purpose LLM,Gold standard and validation,Mean Absolute Error (MAE) comparison with human expert scores,3 medical professionals (2 medical operations + 1 clinician reviewer),"Medical operations team members (background in medical transcription) and experienced clinicians with ""several years of practice in both clinical settings and industry""",Mean Absolute Error (MAE) on 0-3 scale,Final MAE: 0.62 overall (0-3 scale); improved from initial 1.20 (50% reduction),Not explicitly tested,Not Specified,Not Specified,Yes - iterative prompt refinement tested,94 assessment sets (questions with ground truth and system responses),Patient data from 6 patients in proprietary EHR system,"Text-based: Questions, ground truth answers, and Q&A system text responses",Yes,Not available (proprietary patient data),Not Specified,English (implied),Not Specified,Yes - partially shown in Figure 1,Small sample size (94 sets from 6 patients); single data source; single human reviewer; knowledge limitations; limited question scope,Limited - specific to one Q&A system and limited question types,No,Internal validation stage,"Yes - multi-model approach, larger datasets, diverse medical specialties, multiple reviewers, cross-domain validation",,,
CL,grey literature search ,Benchmark,pairwise,A Benchmark for Long-Form Medical Question Answering,"Pedram Hosseini, Jessica M. Sin, Bing Ren, Bryceton G. Thomas, Elnaz Nouri, Ali Farahanchi, Saeed Hassanpour",NeurIPS 2024 - AIM-FM Workshop (Advancements in Medical Foundation Models),2024,arXiv:2411.09834v2,Benchmark development with pairwise human and LLM-as-a-judge evaluation,Consumer health/medical questions from online platform,General consumer health (multiple specialties),Long-form medical question answering,Benchmark/Research stage,Not Specified,Not Specified,Yes - medical doctors as annotators,Indirect - real-world user queries used,"Multiple: AlpaCare-13B, BioMistral-7B-DARE, Llama-3.1-405B-Instruct, Llama-3.1-70B-Instruct, Meditron3-70B, GPT-4, GPT-4o","GPT (OpenAI), Llama-3.1 (Meta), BioMistral (Mistral-based), AlpaCare, Meditron","Ranges from 7B (BioMistral, AlpaCare-13B) to 405B (Llama-3.1-405B)","Mixed: BioMistral (biomedical), AlpaCare (medical), Meditron (clinical); GPT-4/Llama (general)","Varies: Instruction tuning (AlpaCare), continued pretraining (BioMistral, Meditron), general pretraining (GPT, Llama)",Not applicable for working models,Yes - standardized prompt for answer generation,Yes - core contribution of the paper,GPT-4o (gpt-4o-2024-08-06) and Claude-3.5-Sonnet (claude-3-5-sonnet-20241022),GPT-4o (OpenAI) and Claude-3.5-Sonnet (Anthropic),No - general purpose LLMs,Gold standard for validation,"Cohen's Kappa, percentage agreement, chance agreement with human consensus",3 medical doctors (2 annotators per batch),Medical doctors specializing in radiology and pathology,"Cohen's Kappa, Fleiss Kappa, Percentage Agreement, Chance Agreement","Variable by criterion: Difficulty 0.37-0.57, Correctness 0.36-0.49, Helpfulness 0.20-0.47, Harmfulness 0.50-0.81, Reasoning 0.17-0.40, Efficiency 0.11-0.37, Bias 0.92-0.95",Yes - bias is an evaluation criterion,Yes - for LLM positional bias,Yes - bias evaluation (not demographic-specific),Yes - positional bias and consistency testing for LLM judges,"1,077 semantically distinct questions; 400 questions annotated (4 batches × 100 questions)",Real-world user queries from Lavita Medical AI Assist platform,Text-based consumer health questions,Yes,Publicly available,Not Specified,English,Yes - GitHub repository,Yes - provided in figures and appendix,Low inter-annotator agreement on some criteria; limited annotation size (400 questions); positional bias in LLM judges,Limited to consumer health questions; English only,Yes - compared to other consumer health QA datasets,Benchmark stage - not for clinical deployment,Yes - improving human expert alignment in long-form medical QA evaluation,,,
CL,16475reference,Benchmark,pointwise,Retrieval-augmented generation elevates local LLM quality in radiology contrast media consultation,"Akihiko Wada, Yuya Tanaka, Mitsuo Nishizawa, Akira Yamamoto, Toshiaki Akashi, Akifumi Hagiwara, Yayoi Hayakawa, Junko Kikuta, Keigo Shimoji, Katsuhiro Sano, Koji Kamagata, Atsushi Nakanishi, Shigeki Aoki",npj Digital Medicine,2025,https://doi.org/10.1038/s41746-025-01802-z,Comparative evaluation study/Benchmark study,Radiology (simulated contrast media consultation),Radiology/Diagnostic Imaging,Clinical decision support for contrast media risk assessment and protocol selection,Research/Development (on-premise validation but not clinically deployed),Not Specified,Not Specified,Expert validation and scenario development,None (synthetic scenarios only),Llama 3.2-11B (baseline and RAG-enhanced); GPT-4o mini; Gemini 2.0 Flash; Claude 3.5 Haiku,Meta Llama; OpenAI GPT-4; Google Gemini; Anthropic Claude,Llama: 11B parameters; Cloud models: Large to Very Large (specific parameters not disclosed),None (general-purpose LLMs),Retrieval-Augmented Generation (RAG) for Llama model,Not Specified,Yes - structured prompts with temperature control,Yes,GPT-4o; Gemini 2.0 Flash Thinking; Claude 3.5 Sonnet,OpenAI GPT-4 series; Google Gemini; Anthropic Claude,General-purpose (no medical specialization),Expert evaluation and quality assessment,Inter-evaluator agreement analysis with human expert,1 primary evaluator; 2 for scenario development,Board-certified radiologist (primary); radiologists with 4 and 30 years experience (scenario developers),Inter-evaluator percent agreement,82.2% (Claude 3.5 Sonnet with radiologist); 75.5% (GPT-4o with radiologist),Not Specified,Not Specified,Not Specified,Yes - temperature sensitivity analysis,100 synthetic clinical scenarios,Synthetic scenarios generated by GPT-4o and Claude 3.5 Sonnet; expert-reviewed,Text (clinical consultation scenarios and responses),Not applicable (fully synthetic data),Yes - Supplementary Data 1,"Japan (institutional setting); International guidelines (ACR-US, ESUR-Europe)",English,Available upon reasonable request,Yes - in supplementary materials,Synthetic scenarios may not capture real-world complexity; single radiologist evaluator; temperature parameter compromise; no real-world clinical deployment,Limited - specific to contrast media consultation in controlled environment,No,Research stage with on-premise validation,"Yes - real-world validation, multiple expert reviewers, active clinical testing, RAG maintenance protocols",,,
CL,11293reference,Benchmark,"pointwise,Agent-based ",Holistic evaluation of large language models for medical tasks with MedHELM,"Suhana Bedi, Hejie Cui, Miguel Fuentes, Alyssa Unell, Michael Wornow, Juan M. Banda, Nikesh Kotecha, Timothy Keyes, Yifan Mai, Mert Oez, Hao Qiu, Shrey Jain, Leonardo Schettini, Mehr Kashyap, Jason Alan Fries, Akshay Swaminathan, Philip Chung, Fateme Nateghi, Asad Aali, Ashwin Nayak, Shivam Vedak, Sneha S. Jain, Birju Patel, Oluseyi Fayanju, Shreya Shah, Ethan Goh, Dong-han Yao, Brian Soetikno, Eduardo Reis, Sergios Gatidis, Vasu Divi, Robson Capasso, Rachna Saralkar, Chia-Chun Chiang, Jenelle Jindal, Tho Pham, Faraz Ghoddusi, Steven Lin, Albert S. Chiou, Christy Hong, Mohana Roy, Michael F. Gensheimer, Hinesh Patel, Kevin Schulman, Dev Dash, Danton Char, Lance Downing, Francois Grolleau, Kameron Black, Bethel Mieso, Aydin Zahedivash, Wen-wai Yim, Harshita Sharma, Tony Lee, Hannah Kirsch, Jennifer Lee, Nerissa Ambers, Carlene Lugtu, Aditya Sharma, Bilal Mawji, Alex Alekseyev, Vicky Zhou, Vikas Kakkar, Jarrod Helzer, Anurang Revri, Yair Bannett, Roxana Daneshjou, Jonathan Chen, Emily Alsentzer, Keith Morse, Nirmal Ravi, Nima Aghaeepour, Vanessa Kennedy, Akshay Chaudhari, Thomas Wang, Sanmi Koyejo, Matthew P. Lungren, Eric Horvitz, Percy Liang, Mike Pfeffer, Nigam H. Shah",nature Medicine,2026,https://doi.org/10.1038/s41591-025-04151-2,Benchmark evaluation study; systematic comparative evaluation,"Multiple settings including hospital inpatient, outpatient clinics, emergency department, research settings","Multiple specialties (14 specialties involved in validation: Internal Medicine, Radiology, Otolaryngology, Neurology, Family Medicine, Dermatology, Anesthesiology, Radiation Oncology, Emergency Medicine, Ophthalmology, Psychiatry, Pathology, Pediatrics, Nuclear Medicine)","Five categories: Clinical Decision Support, Clinical Note Generation, Patient Communication & Education, Medical Research Assistance, Administration & Workflow",Evaluation/benchmarking phase (not deployment or clinical implementation),HIPAA compliance mentioned for experiments,Not Specified,"Yes - 29 clinicians for taxonomy validation, 20 clinicians for LLM-jury validation",Not Specified,"Nine models evaluated: DeepSeek R1, o3-mini (2025-01-31), Claude 3.7 Sonnet (20250219), Claude 3.5 Sonnet (20241022), GPT-4o (2024-05-13), Gemini 2.0 Flash, GPT-4o mini (2024-07-18), Llama 3.3 Instruct (70B), Gemini 1.5 Pro (001)","Multiple families: DeepSeek, OpenAI (GPT-4/o3), Anthropic (Claude), Google (Gemini), Meta (Llama)",Llama 3.3 70B explicitly mentioned; other models' parameter counts not specified,None - general-purpose models evaluated,No adaptation - models used via API in zero-shot or few-shot settings,Not Specified,Yes - standardized prompt templates developed for each benchmark,Yes - LLM-jury approach with three-model panel,"GPT-4o, Claude 3.7 Sonnet, LLaMA 3.3 70B","OpenAI (GPT-4o), Anthropic (Claude), Meta (LLaMA)",None - general-purpose models,Validation of LLM-jury approach; clinicians rated subset of outputs to validate automated evaluation,"Intraclass correlation coefficient (ICC(3,k)) after z-score normalization",29 clinicians for taxonomy validation; 20 clinicians for evaluation validation,"Practicing clinicians from 14 medical specialties at 4 institutions (primarily Stanford University, also Mayo Clinic, Oregon Health & Science University, Flourish Research)","Intraclass Correlation Coefficient ICC(3,k) with z-scoring",LLM-jury vs. clinicians: ICC = 0.47 (95% CI: 0.100-0.690); Average clinician-clinician: ICC = 0.43 (95% CI: 0.295-0.585),Yes - includes RaceBias benchmark,Not Specified,Limited - RaceBias benchmark assesses racial bias in model outputs,Limited - sensitivity analysis for gold standard quality,35 benchmarks total; individual benchmark sizes vary (not all specified),"Mixed: MIMIC-III, MIMIC-IV, Stanford Healthcare EHR data, PubMed, MedQA, public medical datasets","Clinical notes, EHR codes, patient-doctor conversations, medical questions, radiology reports, discharge summaries, patient messages, literature abstracts",Yes - PHI-compliant data processing,"Mixed: 14 public, 7 gated (requiring approval), 14 private","Primarily United States (Stanford Healthcare, Stanford University based)",English,Yes - open source on GitHub,Yes - documented in repository,LLM-jury validated on only 2 benchmarks; uneven benchmark distribution (15 of 22 subcategories have only 1 benchmark); 14 datasets not publicly released; limited understanding of poor performance in Administration & Workflow; instance-level rubrics needed,Framework designed to be extensible with open architecture for adding new benchmarks,"Yes - comprehensive coverage across 5 categories, 22 subcategories, 121 tasks","Not assessed - this is an evaluation framework, not a deployment study","Yes - expanding LLM-jury validation across more benchmarks, developing instance-level rubrics, understanding causes of poor performance in Administration & Workflow, adding more benchmarks to underrepresented subcategories",,,
CL,11293reference,Benchmark,pointwise,A Novel Evaluation Benchmark for Medical LLMs: Illuminating Safety and Effectiveness in Clinical Domains,"Shirui Wang, Zhihui Tang, Huaxia Yang, Qiuhong Gong, Tiantian Gu, Hongyang Ma, and 18 additional co-authors",arXiv preprint,2025,arXiv:2507.23486v3,Benchmark development and evaluation study,Multiple clinical departments across hospitals in China,"26 clinical departments including cardiology, respiratory, neurosurgery, gastroenterology, pediatrics, oncology, etc.","Multiple: clinical decision support, diagnosis, medication safety, guideline adherence, treatment optimization",Benchmark evaluation phase - testing models on standardized scenarios,Declaration of Helsinki compliance mentioned,Not Specified for actual patients,Yes - 32 specialist physicians developed and reviewed benchmark,No,"Six models tested: DeepSeek-R1-0528, OpenAI-o3 (20250416), Gemini-2.5-Pro (20250506), Qwen3-235B-A22B, Claude-3.7-Sonnet (20250219), MedGPT (MG-0623)","Multiple families: DeepSeek, OpenAI, Google (Gemini), Alibaba (Qwen), Anthropic (Claude), Medlinker (MedGPT)",Not Specified for most models,MedGPT is domain-specific medical model; others are general-purpose,Not specified for evaluation (models used as-is),Not Specified,Yes - tested with and without structured system prompts,Yes - DeepSeek-R1 used as automated judge,DeepSeek-R1,DeepSeek,General-purpose model used for judging,Expert validation and calibration of automated scoring,Macro-F1 score comparing automated scoring to physician evaluations,32 specialist physicians for benchmark development; 5 oncologists for judge validation,Specialist physicians from major Chinese hospitals across 26 specialties,"Macro-F1 score, Kappa coefficient",DeepSeek-R1 achieved MF1 of 0.601 vs. human consensus baseline of 0.625 (difference: -0.024),Not explicitly described,Not Specified,Not Specified,Yes - Worst-at-k metric for repeatability evaluation,"2,069 clinical scenario questions",Developed by 32 specialist physicians based on clinical expert consensus,Open-ended Q&A clinical scenarios - text-based,Yes - questions appropriately anonymized,Public - available on GitHub,China,Chinese,Yes - available on GitHub,Yes - appendix table mentioned,"Limited rare disease coverage, lacks multimodal inputs, single-turn text-only interactions, Chinese-only scenarios, no cross-linguistic validation","Limited - Chinese clinical context only, not validated across languages/countries","Yes - 26 clinical departments, 11 priority patient populations",Moderate - identifies significant safety gaps requiring improvement before deployment,"Yes - expand to rare diseases and multimodal inputs, multi-turn dialogues, multilingual validation, strengthen drug safety databases",,,
CL,11284reference,Methodology,pairwise,FineRadScore: A Radiology Report Line-by-Line Evaluation Technique Generating Corrections with Severity Scores,"Alyssa Huang, Oishi Banerjee, Kay Wu, Eduardo Pontes Reis, Pranav Rajpurkar","Proceedings of Machine Learning Research (PMLR) 252:1–29, 2024 Machine Learning for Healthcare",2024,arXiv:2405.20613v2 [cs.CL] 12 Aug 2024,Development and validation study; Benchmarking study with human expert validation,Radiology; Medical imaging; ICU setting,Radiology (chest X-ray interpretation),Report quality evaluation; Automated assessment; Error detection and correction,Evaluation/Benchmarking phase (tool development and validation),Not Specified,Not Specified,Yes - Radiologists for annotation and validation,Not Specified,GPT-4 (via Azure OpenAI); Claude-3 Opus (via Anthropic API),GPT-4 (OpenAI); Claude-3 (Anthropic),Not Specified,FineRadScore: specialized for radiology report evaluation through domain-specific prompting,Few-shot prompting with domain-specific instructions,Yes - 5 examples,"Yes - Detailed prompt with instructions, error categories, severity ratings",YES - Core methodology of the paper,GPT-4; Claude-3 Opus,GPT-4 (OpenAI); Claude-3 (Anthropic),Domain-specialized through prompting for radiology report evaluation,Validation; Ground truth annotation; Quality assessment,Comparison with radiologist annotations; Multiple validation approaches,2 radiologists (for ReFiSco-v1); Multiple radiologists for other datasets,One board-certified radiologist with 7 years experience; One radiology resident,Inter-rater disagreement calculated for ReFiSco-v0,Mean absolute error <1 for clinical severity (0.62-0.89 depending on dataset/model),Not Specified,Instructions to ignore stylistic differences,Not Specified,Yes - Tested with shuffled and paraphrased reports,ReFiSco-v1: 100 studies (200 reports - findings + impressions); ReFiSco-v0: 60 studies; ReXVal: 200 report pairs (40 held-out test set),MIMIC-CXR dataset; ClsGen model outputs; ReFiSco-v0; ReXVal,Chest X-ray reports (candidate and ground-truth pairs); Line-by-line annotations with corrections and severity scores,Yes - Using de-identified MIMIC-CXR data,Partial - ReFiSco-v1 created; Code available,Not Specified (MIMIC-CXR is from US institutions),English,Yes - GitHub repository,Yes - Complete prompt in Appendix A,1) Still validated using automated metrics rather than direct radiologist evaluation of corrected reports; 2) Prone to over-correcting based on stylistic differences; 3) Over-labeling with error categories; 4) Performance degrades with paraphrased reports; 5) Requires both candidate and ground truth (not suitable for RLHF),Limited to chest X-ray reports; Tested across multiple AI models and report types,"Yes - Tested across different AI models (ClsGen, X-REM, CXR-RePaiR) and report types (findings vs impressions)",Research/evaluation tool - not ready for clinical deployment,1) Direct radiologist evaluation of corrected reports; 2) Improve handling of stylistically dissimilar reports; 3) Create dataset using MIMIC-CXR expert reports as ground truth; 4) Collect duplicate annotations for ReFiSco-v1; 5) Better methods to ignore phrasing differences,,,
CL,11293reference,Benchmark,"pointwise,Agent-based ",ChatCLIDS: Simulating Persuasive AI Dialogues to Promote Closed-Loop Insulin Adoption in Type 1 Diabetes Care,"Zonghai Yao, Talha Chafekar, Junda Wang, Shuo Han, Feiyun Ouyang, Junhui Qian, Lingxi Li, Hong Yu",arXiv (preprint),2025,arXiv:2509.00891v2,Benchmark/Simulation Study,Simulated diabetes care (nurse-patient consultations),Endocrinology/Diabetology (Type 1 Diabetes),Health behavior change/patient persuasion for technology adoption,Research/Development (Not deployed),Not Specified,Not Specified,Expert validation and evaluation,Virtual agents only (no real patients),"GPT-4o; GPT-4.1; GPT-4.1-mini; GPT-4o-mini; o3-mini; o4-mini; Deepseek-R1; Qwen2.5 (0.5B, 3B, 14B, 32B); Phi4; Phi4-mini",OpenAI GPT-4 series; OpenAI o-series; Deepseek; Qwen 2.5; Phi,0.5B to 32B+ parameters,None (general-purpose LLMs),Prompt engineering,Not Specified,Yes - Two paradigms (Direct Response and Chain-of-Strategy),Yes,OpenAI o3,OpenAI o-series,General-purpose,Expert validation and evaluation,Human expert comparison,2,Physician and diabetes nurse with T1D counseling experience,Inter-annotator percent agreement,87.50%,Diversity considered but no formal bias testing,Not Specified,Not Specified,Yes - Social Resistance scenario,"40 patients per difficulty level (Easy, Medium, Hard) for single-visit; 10 patients per group for multi-visit",Public online health forums (Reddit); synthetic profiles,Text (conversational dialogue),Yes,Code only; data not released,North American context,English,Yes - upon acceptance,Yes - in appendix,Limited to English/North American contexts; simulated not real patients; no real-world deployment validation; may not capture full emotional nuance,"Limited - English-language, North American contexts only",No,Not deployment-ready,"Yes - robust, context-aware, socially adaptive agents; prospective validation",,,
CL,16245,benchmark,pointwise,Evaluating clinical AI summaries with large language models as judges,"Emma Croxford, Yanjun Gao, Elliot First, Nicholas Pellegrino, Miranda Schnier, John Caskey, Madeline Oguss, Graham Wills, Guanhua Chen, Dmitriy Dligach, Matthew M. Churpek, Anoop Mayampurath, Frank Liao, Cherodeep Goswami, Karen K. Wong, Brian W. Patterson, Majid Afshar",npj Digital Medicine,2025,https://doi.org/10.1038/s41746-025-02005-2,Validation/Benchmarking Study,Academic Medical Center / Health System,Primary Care; Surgical Care; Emergency/Urgent Care; Neurology/Neurosurgery; Other Specialty Care,Clinical Summarization Evaluation,Research/Development,HIPAA; IRB Exempt,Not Specified,Evaluators/Validators,Not Specified,GPT-4o; Mixtral 8×7B; Llama 3-8B,GPT; Mixtral; Llama,"7B-8B (Mixtral 8×7B, Llama 3-8B); Not specified for GPT-4o",None (General-purpose LLMs),Zero-shot; Few-shot; Supervised Fine-Tuning (SFT); Direct Preference Optimization (DPO); Multi-agent,Yes; 1-5 shots,Yes,Single LLM-as-a-Judge; Multi-Agent LLMs-as-Judges,GPT-o3-mini; GPT-4o; DeepSeek-R1; DeepSeek Distilled Qwen 2.5 32B; Mixtral 8×22B; Llama 3.1 8B; Phi 3.5 MoE,GPT (OpenAI); DeepSeek; Mixtral; Llama; Phi,None (General-purpose LLMs),Ground Truth/Benchmark Validators,Intraclass Correlation Coefficient (ICC); Wilcoxon Signed-Rank Test; Krippendorff's α; Gwet's AC2,7,Physicians (varied specialties and seniority levels),ICC (primary); Krippendorff's α; Gwet's AC2,ICC = 0.818 (95% CI 0.772–0.854) for best model,Yes,Not Specified,Not Conducted,Yes (Cross-task validation),"200 summaries (160 train/dev, 40 test); 2200 questions total",UW Health EHR; MIMIC-III (cross-validation),Clinical notes; Multi-document EHR summaries,Not Specified,Restricted (available upon request with DUA),"United States (Wisconsin, Illinois)",English,Yes,Yes,Single health system; Limited test set size (40 summaries); Summarization tasks only; No fairness/bias analysis for patient characteristics; Context window limitations,Limited; External validation needed,Yes,Not Deployment Ready,Closed-loop generation-evaluation system; External validation across health systems; Fairness/bias analysis for patient characteristics; Extension to other clinical NLG tasks; Larger clinical datasets,single agent is better than multi-agent result ,,
CL,grey literature search ,benchmark,"pointwise, agent-based",Sequential Diagnosis with Language Models,"Harsha Nori, Mayank Daswani, Christopher Kelly, Scott Lundberg, Marco Tulio Ribeiro, Marc Wilson, Xiaoxuan Liu, Viknesh Sounderajah, Jonathan Carlson, Matthew P Lungren, Bay Gross, Peter Hames, Mustafa Suleyman, Dominic King, Eric Horvitz",arXiv / Microsoft AI,2025,arXiv:2506.22405v1,Retrospective Evaluation / Benchmark Development,Hospital / Inpatient,Internal Medicine,Diagnosis,Prototype / Validation,Not Specified,Not Specified,Yes,No,MAI Diagnostic Orchestrator (MAI-DxO),o3; GPT-4; Claude 3; Gemini 1.5; Llama 3; Grok; DeepSeek,Not Specified,Generalist,Agentic Orchestration; Prompt Engineering,Not Specified,Chain of Thought; Role Playing,Yes,o3,o3 (OpenAI),Generalist (Prompted with Rubric),Validation,Agreement with Human Experts,Not Specified,MD / Physician,Cohen's Kappa,0.7,Not Specified,Role-based Prompting,Not Specified,Temporal Generalization,304 cases,NEJM Case Challenges (CPC),Clinical Text / Vignettes,Not Specified,Restricted,United States; United Kingdom,English,No,Yes,Selection Bias; Cost Approximations,Validated on Held-out Set,Not Specified,Research Phase,Real-world validation; Multimodal integration,,,
CL,535,methodology,pointwise,Weakly supervised language models for automated extraction of critical findings from radiology reports,"Avisha Das, Ish A. Talati, Juan Manuel Zambrano Chaves, Daniel Rubin, Imon Banerjee",npj Digital Medicine,2025,https://doi.org/10.1038/s41746-025-01522-4,Retrospective validation study,Multi-center (Mayo Clinic sites); Academic Medical Centers,Radiology,Information Extraction,Proof of Concept / Validation,IRB Approved,Not Specified,Data annotation; Prompt definition,Not Specified,Mistral-7B; BioMistral-7B,Mistral,7B parameters,General domain (Mistral); Biomedical domain (BioMistral),Weakly Supervised Fine-tuning (WFT); In-Context Learning,5,Task-specific instructions; Definition-based,Yes,GPT-4; LLaMa-13B,GPT-4; LLaMa,General; Instruction-tuned,Gold-Standard Annotation,Comparison with human annotations,Not Specified,Radiologists / Clinical Researchers,Cohen's Kappa score,0.738 (MIMIC-III); 0.798 (Mayo),Not Specified,Not Specified,Not Specified,Varied Report Lengths; Internal vs External,"Training: 15,000; Test: 5,203 (Total)",Mayo Clinic; MIMIC-III; MIMIC-IV,Radiology Reports,Yes (for MIMIC),Mixed,United States,English,Open Source,Yes,Mediocre performance; Chronic vs Acute differentiation; Negative sentence handling,Validated on External Data,Yes,Not Ready,Physician Communication; Vision-Language Models; Granularity Improvement,,,
CL,16796,methodology,pointwise,Automating expert-level medical reasoning evaluation of large language models,"Shuang Zhou, Wenya Xie, Jiaxi Li, Zaifu Zhan, Meijia Song, Han Yang, Cheyenna Espinoza, Lindsay Welton, Xinnie Mai, Yanwei Jin, Zidu Xu, Yuen-Hei Chung, Yiyun Xing, Meng-Han Tsai, Emma Schaffer, Yucheng Shi, Ninghao Liu, Zirui Liu, Rui Zhang",npj Digital Medicine,2026,https://doi.org/10.1038/s41746-025-02208-7,Benchmarking Study,General Medicine / Clinical Decision Making,Multiple Specialties,Medical Reasoning / Question Answering,Validation / Evaluation,Not Specified,Not Specified,Data Annotation; Evaluation,Not Specified,Multiple Models Tested,Multiple Families,Various (14B - 70B+),General and Medical-Specific,In-Context Learning / Zero-shot CoT,Zero-shot,Chain-of-Thought (CoT); Zero-shot,Yes,GPT-4o-mini,GPT-4,General,Gold-Standard Annotation,Correlation with Human Experts,10,Physicians / Medical Professionals,Not Specified,Not Specified,Not Specified,Not Specified,Not Specified,Prompt Variations; Judge Model Variations,500 questions,Multiple Public Datasets,Medical QA (Questions & Rationales),Not Applicable,Public,Global (implied by datasets),English,Open Source,Yes,Fairness/Safety Unexplored; Discrepancies with Experts; Manual Annotation Burden,Validated across Domains,Yes,Not Ready,Fairness/Safety Evaluation; Reference-free Approaches; Better Judge Models,,,"This is the automated evaluation method proposed by the study. Instead of asking an LLM judge ""Is this answer good?"", the framework forces the judge to compare the model's reasoning steps against the expert's reference rationale."
CL,16820,benchmark,pointwise,Evaluating Medical Text Summaries Using Automatic Evaluation Metrics and LLM-as-a-Judge Approach: A Pilot Study,"Yuriy Vasilev, Irina Raznitsyna, Anastasia Pamova, Tikhon Burtsev, Tatiana Bobrovskaya, Pavel Kosov, Anton Vladzymyrskyy, Olga Omelyanskaya, Kirill Arzamasov",Diagnostics,2026,https://doi.org/10.3390/diagnostics16010003,Prospective Pilot Study,Radiology / Telemedicine Center,Radiology,Summarization,Pilot Study,IRB Approved,Not Specified,Reference creation; Evaluation,Not Specified,Gemma-2-27b-it; Llama-3.3-70B-Instruct_Q4; Llama3.1-8b; Llama-3.2-3B-Instruct; Gemma-3-12b-it; Qwen3-32B_Q4-nt,Gemma; Llama; Qwen,3B; 8B; 12B; 27B; 32B; 70B,General Domain,None (Zero-shot),Zero-shot,Task-specific instructions,Yes,Qwen3-14b; Mistral-small-24b,Qwen; Mistral,General,Gold-Standard Annotation,Correlation with Human Experts,18,Clinicians; Radiologists,Spearman's rank correlation; Pearson correlation,0.688 (Relevance),Yes,Model Exclusion,Not Specified,Not Specified,30 text files,Private/Internal EHRs,EHR / Radiology Reports,Not Specified,On Request,Russia,Russian,Not Specified,Yes,Hallucination Detection; Judge Bias; Small Dataset,Limited,No,Not Ready,RAG Integration; Domain-Specific Models; Hallucination Detection,,,
CL,13609,methodology,pointwise ,Reliability of Large Language Model Generated Clinical Reasoning in Assisted Reproductive Technology: Blinded Comparative Evaluation Study,"Dou Liu, Ying Long, Sophia Zuoqiu, Di Liu, Kang Li, Yiting Lin, Hanyi Liu, Rong Yin, Tian Tang",Journal of Medical Internet Research,2026,https://doi.org/10.2196/85206,Blinded Comparative Evaluation Study; Retrospective Study,Academic Medical Center; Outpatient Department,Reproductive Medicine; Obstetrics and Gynecology,Clinical Reasoning; Treatment Planning,Validation / Evaluation,IRB Approved; HIPAA Safe Harbor,Not Specified,Data Curation; Evaluation,Not Specified,DeepSeek-R1-671b,DeepSeek,671B,General Domain,In-Context Learning; Few-Shot Prompting,5; 6,Zero-shot; Random Few-shot; Selective Few-shot,Yes,GPT-4o,GPT-4,General,Gold-Standard Evaluation,Comparison with Human Experts,2,Board-certified Physicians,Adjacent Agreement Rate; Interrater Disagreement Rate,Adjacent Agreement: 88%-100%,Not Specified,Blinded Evaluation; Randomization,Not Specified,Not Specified,200 cases,Private/Internal EHRs,Clinical Vignettes / EHR Data,Yes,Private / Not Specified,China,English,Not Specified,Yes,Single Model; Institutional Bias; AI Judge Ceiling Effect,Limited,No,Not Ready,Multi-center Generalization; Sensitivity Analysis; Better AI Evaluators,,,
CL,13816,benchmark,pairwise,Performance of GPT-5 Frontier Models in Ophthalmology Question Answering,"Fares Antaki, David Mikhail, Daniel Milad, Danny A. Mammo, Sumit Sharma, Sunil K. Srivastava, Bing Yu Chen, Samir Touma, Mertcan Sevgi, Jonathan El-Khoury, Pearse A. Keane, Qingyu Chen, Yih Chung Tham, Renaud Duval",Ophthalmology Science,2026,https://doi.org/10.1016/j.xops.2025.101034,Evaluation of diagnostic test or technology,Medical examination/Professional education,Ophthalmology,Question Answering; Medical Reasoning,Benchmarking / In-silico evaluation,Not Specified,Not Specified,Data Analysis; Authorship,,GPT-5; GPT-5-mini; GPT-5-nano,GPT-5; o1; o3; GPT-4o; Gemini 2.5; Claude 4,"Variable (Nano, Mini, Full)",None (General Foundation Models),Reasoning Effort Parameter Adjustment,Zero-shot,System Instruction; Structured Output,Reference-anchored Pairwise Judging,o4-mini,OpenAI o-series,General reasoning model with custom prompt,Evaluation Ground Truth (Pre-existing),Position Bias and Verbosity Mitigation,0 (for grading outputs),,Bradley-Terry Skill Metric,"BT skill values (e.g., 0.358 for GPT-5-high rationales)",Position Bias; Verbosity Bias,Randomization; Prompt constraints,Not Specified,Repeatability Screening; Cognitive Level analysis,260 questions,AAO BCSC Self-Assessment Program,Text-only multiple-choice questions,Not Specified,Paywalled/Closed-access,Not Specified (USA-based Organization),English,Not Specified,No (Supplement 2 only referenced),Multiple-choice format; Potential data leakage; API-based evaluation,Limited (Single dataset),No (Ophthalmology only),Pilot/Educational stage,Free-response tasks; Multimodal tasks; Human-AI collaboration,Multi-center Generalization; Sensitivity Analysis; Better AI Evaluators,,
CL,13858,methodology,pointwise,Personalized Causal Graph Reasoning for LLMs: An Implementation for Dietary Recommendations,"Zhongqi Yang, Amir M. Rahmani",IEEE Transactions and Journals Template (Submitted to IEEE BHI 2025),2025,arXiv:2503.00134v3,Framework development and counterfactual evaluation,Personal health monitoring / Precision nutrition,Endocrinology / Nutrition (Metabolic Health),Personalized Dietary Recommendations,In-silico evaluation / Simulation,Not Specified,Not Specified (Simulation Only),Authorship / Domain knowledge integration,None (Secondary data used),GPT-4o,GPT-4,Not Specified,None (General Foundation Model),Retrieval-Augmented Generation (RAG) + Causal Graph Traversal,Zero-shot (Inferred),Structured Prompt; Chain-of-Thought (CoT) explanation first,Blind pairwise comparison,Llama-3 70B,Llama-3,General,Validation of the Judge,Correlation with Human Evaluation,2,Researchers in ML and Digital Health,Win Rate; Percent Concordance,98.43% (LLM) vs 86.50% (Human),Order/Position Bias,Randomization; Blind comparison,Not Specified,Statistical significance testing ($p$-values),34 participants,CGMacros Dataset,"Longitudinal sensor data (CGM, fitness tracker) + Meal logs",Inferred (Public Dataset),Publicly Available,Not Specified,English,Not Specified,Yes (Partial),Single objective (glucose); Computational demands; Adherence not modeled,Low (Within-sample inference),No,Future clinical use / Not ready,Multi-objective reasoning; Larger datasets; Real-world RCTs,Multi-center Generalization; Sensitivity Analysis; Better AI Evaluators,,
CL,14128,agent building,pointwise,Clinical pathway-aware large language models for reliable and transparent medical dialogue,"Jiageng Wu, Xian Wu, Yefeng Zheng, Jie Yang",Journal of Biomedical Informatics,2025,https://doi.org/10.1016/j.jbi.2025.104942,Original Research; Framework development and evaluation,Online medical consultation / Telemedicine,General Medicine; Gastroenterology (MedDG dataset focus),Medical Dialogue / Consultation,Benchmarking / System development,Not Specified,De-identification; Anonymization,Authorship; Evaluation,None (Secondary data),MedKP (based on ChatGLM3-6B),ChatGLM; LLaMA; GPT,6B,Pathway-aware fine-tuning,LoRA (Low-Rank Adaptation) fine-tuning,Zero-shot (with structured prompts),Background knowledge + Historical dialogue prompt,Factual accuracy and consistency scoring (1–10 scale),GPT-4o (Version: 0806),GPT-4,General (Acting as a doctor evaluator),Parallel human evaluation for validation,Pearson correlation with human scores,1,Medical Ph.D. student,Pearson correlation coefficient,0.76 (Hallucination); 0.78 (Consistency),Self-referential bias; Anonymized human review,Blinding; Multi-dimensional metrics,Discussed (Equity in access),Ablation study; Dataset comparison (MedDG vs KaMed),400 responses sampled (for human eval),MedDG; KaMed,Chinese real-world online consultations,Rule-based / Anonymized,Publicly available on GitHub,China,Chinese,Available on reasonable request,Yes (Appendix Figures S1 and S2),Self-referential bias; Limited human eval size; Resource constraints,High (Evaluated across different specialties),Yes (Across medical departments),Pilot / Evaluation,Integrating reasoning models (DeepSeek-R1); Expert validation,Multi-center Generalization; Sensitivity Analysis; Better AI Evaluators,,
CL,14264,methodology,pointwise,Prompt engineering for accurate statistical reasoning with large language models in medical research,Sifiso Vilakati,Frontiers in Artificial Intelligence,2025,https://doi.org/10.3389/frai.2025.1658316,Original Research; Experimental evaluation of prompting strategies,Medical Research / Biostatistics,Biostatistics; General Medical Research,Statistical Reasoning; Data Analysis,Benchmarking / Best practice development,Not Specified,De-identification (via artificial datasets),Biostatistician as author,None (Artificial data used),GPT-4.1; Claude 3.7 Sonnet,GPT; Claude; o-series,Not Specified,None (General Foundation Models),Prompt Engineering (Hybrid/CoT/Explicit),Excluded,Hybrid Prompting (Explicit + CoT + Format),Hybrid Evaluation (LLM Judge + Human Oversight),Microsoft Copilot,GPT-based (Copilot uses OpenAI models),General (Guided by structured rubric),Validation and Final Review,Expert Review / Agreement analysis,1,Biostatistics researcher (Author),Percentage Agreement (Complete Agreement),100%,Biases related to zero-shot defaults,Structured rubrics; Hybrid evaluation,Not Specified,Multi-model validation,2 Case Studies (40 patients; school children trial),Generated Artificial Data,"Numeric tabular data (Blood pressure, BMI)",Not Applicable (Artificial data),Included in manuscript/supplement,South Africa (Author affiliation),English,Included in manuscript (R snippets),"Yes (Tables 4, 5, and 8)",Artificial datasets; Prompt brittleness; Hallucination risks,Potentially High (Across model families),No (Statistics focus),Pilot / Educational best practices,"Complex domains (survival, regression); Real-world datasets",,,
CL,14416,benchmark,pointwise,Out-of-the-Box Large Language Models for Detecting and Classifying Critical Findings in Radiology Reports Using Various Prompt Strategies,"Ish A. Talati, Juan M. Zambrano Chaves, Avisha Das, Imon Banerjee, Daniel L. Rubin",American Journal of Roentgenology (AJR),2025,https://doi.org/10.2214/AJR.25.33469,Original Research; Diagnostic performance evaluation,Hospital-based Radiology (ICU and Outpatient),Radiology,Information Extraction; Classification (Critical Findings),Benchmarking / In-silico evaluation,Not Specified,Not Specified (Retrospective),Data Annotation; Consensus Review,,GPT-4 (version 0613); Mistral-7B (version 0.1),GPT-4; Mistral,7B (Mistral); GPT-4 (Proprietary/Not specified),None (General Foundation Models),Prompt Engineering; In-context learning (ICL),"1, 3, or 5 examples",Chain-of-Thought (CoT); KNN-based Dynamic Retrieval,G-Eval (GPT-4 scoring),GPT-4,GPT-4,General,Parallel Validation (Precision/Recall),Correlation with manual precision/recall,2,Resident (MD); Board-certified radiologist (MD),Interobserver Agreement (Discrepancy Tabulation),90.6% (126/139),Token-level evaluation limits,KNN-Dynamic Retrieval,Not Specified,External dataset validation (CheXpert Plus),432 reports total,MIMIC-III; CheXpert Plus,Free-text radiology reports (Unstructured),Yes (PhysioNet Credentialed),Publicly available datasets,"USA (Boston, MA and Stanford, CA)",English,Partial (Mistral code referenced),No (Supplement S3 referenced),Lack of clinical context/EHR integration; Alert fatigue; Small tuning set,Limited by modality distribution,Yes (Across various modalities/anatomies),Not Ready,EHR integration; Multi-agent architectures; Prospective studies,,,
CL,14640,methodology,pointwise,Guardians of the data: NER and LLMs for effective medical record anonymization in Brazilian Portuguese,"Mauricio Schiezaro, Guilherme Rosa, Bruno Augusto Goulart Campos, Helio Pedrini",Frontiers in Public Health,2026,10.3389/fpubh.2025.1717303,Technology and Code; Dataset development and benchmarking,Brazilian Tertiary Care Hospital,"Multi-specialty (Nephrology, Cardiology, ICU, etc.)",Medical Record Anonymization; NER,Benchmarking / Framework Development,GDPR; LGPD; HIPAA,De-identification; Anonymization; Manual Review,Domain Expertise Collaboration,None (De-identified secondary data),BERTimbau-leNER; GPT-4o; GPT-4o mini; ptt5-v2-base; BioBERTpt,BERT; GPT-4; T5; BioBERT,335M (BERTimbau); 220M (ptt5-v2); GPT-4o (Not disclosed),BioBERTpt (Biomedical fine-tuned),NER Fine-tuning; Synthetic Data Augmentation; Few-shot,3 examples,Few-shot learning; System prompt; Reasoning request,Scoring (0-10) with Justification Paragraphs,Gemini 2.5 Pro,Gemini,General reasoning model,Evaluation Ground Truth (Experts),Qualitative trend report; Comparison with expert-anonymized scores,2 (Annotation and independent review),Not Specified,Cohen's Kappa coefficient,95%,Self-preference bias; Prompt-sensitivity,Human Oversight; Blinding mentioned in citations,Not Specified,Real vs. Synthetic cross-evaluation; Statistical testing (t-test),"2,962 medical records",Brazilian Tertiary Care Hospital (Real) + GPT-4o (Synthetic),Unstructured clinical narratives (Portuguese),Irreversible Anonymization,Publicly available (AnonyMed-BR),Brazil (Campinas),Brazilian Portuguese,Available on GitHub,Yes (Appendix Figure 4),Residual re-identification risk; Language/Domain specificity; Judge bias,Targeted for hospital adoption; Generalizes across 50 modified samples,No (Medical Portuguese only),Pilot / Implementation Ready (Local deployment),Deeper synthetic data exploration; Multi-language evaluation; Fine-tuning domain-adapted models,,,
CL,14652,benchmark,pointwise,Rapidly Benchmarking Large Language Models for Diagnosing Comorbid Patients: Comparative Study Leveraging the LLM-as-a-Judge Method,"Peter Sarvari, Zaid Al-fagih",JMIRx Med,2025,https://doi.org/10.2196/67661,Original Paper; Comparative benchmarking study,Intensive Care Unit (ICU) / Hospital admissions,Internal Medicine; General Diagnostics,Medical Diagnosis; Comorbidity Identification,Benchmarking / System development,HIPAA (Compliant via Cohere API),De-identification; IRB-approved data use,Prompt Engineering; Evaluation Ground Truth,None (De-identified secondary data),Gemini 2.5; GPT-4.1; GPT-4.5; Claude-4 Opus/Sonnet; Llama 4 Scout,Gemini; GPT; Claude; Llama; Mistral; Command R,1.8T (GPT-4 Est.); 405B (Llama 3.1),MedLM-medium,Retrieval-Augmented Generation (RAG); One-shot learning,One-shot (Prompt A) vs. Zero-shot (Prompt B),Specificity; Reasoning request; Context-awareness,"Binary ""Hit/Miss"" classification with rationale",GPT-4 Turbo; GPT-4.1,GPT-4,General reasoning model (Guided by doctor-led rubric),Pilot validation; Error analysis,Qualitative contrast analysis; Pilot agreement,3 (in foundational pilot); 0 (in main 1000-case study),Medical Doctors,Hit Rate (Recall); Cohen's $\kappa$ (in cited related work),97.4% (Gemini 2.5 Hit Rate),Leniency/Conservative bias across judges,RAG-based evaluation,Not Specified (Cited study for more detail),Multi-model cross-evaluation; 2 Temperature settings,"1,000 hospital admissions",MIMIC-IV Clinical Database,"Structured and unstructured EHR data (Billing codes, notes, lab results)",Yes (PhysioNet standard),Publicly Available (MIMIC-IV),"USA (Boston, MA)",English,Available on GitHub (MIMIC-SQL; BenchmarkingLLMs),Yes (Textbox 1 and GitHub repository),Single hospital; No multimodal/image data; No real-time clinician review,Expected model rankings to remain stable across sites,No (General Internal Medicine/ICU focus),Pilot/Benchmark stage,Multimodal inputs; Human expert review validation; Multilingual testing,,,
CL,14935,agent building,pointwise,Specialized Artificial Intelligence Clinical Decision Support System for Aesthetic Surgery: Aesthetic Surgery Using Retrieval Augmentation (AURA),"Ozmen, Berk B.; Singh, Nishant; Shah, Kavach; Berber, Ibrahim; Singh, Damanjit; Pinsky, Eugene; Sinclair, Nicholas R.; Isakov, Raymond; Schwarz, Graham S.",Aesthetic Surgery Journal,2025,https://doi.org/10.1093/asj/sjaf120,Methodological Development / Retrospective Validation,Aesthetic Surgery Practice,Plastic Surgery (Aesthetic),Clinical Decision Support (QA),Proof of Concept / Validation,Pre-market (Not Cleared),N/S,Authors (Plastic Surgeons),,AURA (Aesthetic Surgery Using Retrieval Augmentation),OpenAI o1,N/S,Aesthetic Surgery,RAG (Retrieval-Augmented Generation),N/S,Specialized Instructions,Yes,GPT-4 (via G-Eval),GPT,General Domain,Dataset/Question Creation,N/S,N/S,Plastic Surgeons,N/S,N/S,Domain Stratification,N/S,N/S,Scenario Variety,"6,546 Articles",PubMed Central,Scientific Literature (Text),,Public,,English,N/S,N/S,Open-Access Only; Knowledge Cutoff/Obsolecence; Limited Evaluation Set,Limited,Yes,Proof of Concept,Visual Recognition; EHR Integration; Feedback Loops,,,
CL,14936,agent building,pointwise,MicroRAG: Development of a Novel Artificial Intelligence Retrieval‐Augmented Generation Model for Microsurgery Clinical Decision Support,"Ozmen, Berk B.; Singh, Nishant; Shah, Kavach; Berber, Ibrahim; Singh, Damanjit; Pinsky, Eugene; Schulz, Steven A.; Bishop, Sarah N.; Bernard, Steven; Djohan, Risal S.; Schwarz, Graham S.",Microsurgery,2025,https://doi.org/10.1002/micr.70138,Methodological Development / Retrospective Validation,Microsurgery Practice,Plastic Surgery (Microsurgery),Clinical Decision Support,Validation (Proof of Concept),Pre-market,N/S,Authors (Microsurgeons),,MicroRAG,OpenAI o1,N/S,Microsurgery,RAG (Retrieval-Augmented Generation),N/S,Sub-query generation,Yes,GPT-4 (via G-Eval),GPT,General Domain,Query Development,N/S,N/S,Microsurgeons,N/S,N/S,N/S,RAG Architecture; Data-driven Clustering,N/S,Scenario Variety,"4,876 Articles",PubMed Central,Scientific Literature (Text),,Public,,English,N/S,N/S,Open-Access Only; Small Evaluation Set; No Human Benchmark,Limited,Yes,Proof of Concept,Continuous Learning; EHR Integration; Real-world Validation,,,
CL,14937,agent building,pointwise,Development of a novel artificial intelligence clinical decision support tool for hand surgery- HandRAG,"Ozmen, Berk B.; Singh, Nishant; Shah, Kavach; Berber, Ibrahim; Singh, Damanjit; Pinsky, Eugene; Rampazzo, Antonio; Schwarz, Graham S.",Journal of Hand and Microsurgery,2025,https://doi.org/10.1016/j.jham.2025.100293,Methodological Development / Retrospective Validation,Hand Surgery Practice,Plastic Surgery (Hand Surgery),Clinical Decision Support,Validation (Proof of Concept),Pre-market,N/S,Authors (Hand Surgeons),,HandRAG,OpenAI o3,N/S,Hand Surgery,RAG (Retrieval-Augmented Generation),N/S,Chain-of-Thought (Sub-queries); Context Processing,Yes,GPT-4 (via G-Eval),GPT,General Domain,Question Development,N/S,N/S,Hand Surgeons,N/S,N/S,Topic Stratification,RAG Architecture; RAPTOR Clustering,N/S,Scenario Variety,"4,510 Articles",PubMed Central,Scientific Literature (Text),,Public,,English,N/S,N/S,Open-Access Only; No Human Validation; No Comparison to non-RAG; Static Knowledge Base,Limited,Yes,Proof of Concept,Clinical Validation; FDA Regulatory Pathway; Expanding Knowledge Base,,,
CL,18089,Methodology,pointwise,The IDRE Dataset in Practice: Training and Evaluation of Small-to-Medium-Sized LLMs for Empathetic Rephrasing,"Manai, Simone; Gemme, Laura; Zanoli, Roberto; Lavelli, Alberto",Electronics,2025,https://doi.org/10.3390/electronics14204052,Methodological Development / Retrospective Validation,General / Telemedicine / Patient Support,General Medicine / Oncology,Empathic Communication / Patient Support,Validation (Proof of Concept),N/S,N/S,None (IT Developers/Project Managers),,Empathic Rephrasing Layer (various fine-tuned models),Llama; Mistral; Qwen; Gemma; Phi; Granite,1B - 9B,General (with Medical Focus in Dataset),Fine-Tuning (LoRA),5,Few-Shot; Chain-of-Thought (for Eval),Yes,GPT-4o,GPT,General Domain,Dataset Annotation / Validation,Correlation with Human Annotators,3 (Validation); 12 (Dataset),IT/NLP Experts (Not Clinicians),Fleiss' Kappa,0.821 - 0.927 (Dataset); 0.315 - 0.649 (Validation),N/S,N/S,N/S,Cross-Domain Generalization,480 (Training); 200 (Test),Synthetic (Llama-2 generated),Dialogue Triplets (Text),,Public,Italy (Language Focus),Italian,Yes,Yes,Synthetic Data; Human Evaluators not Clinicians,Validated Across Domains,Yes,Proof of Concept / Prototype,Dataset Expansion; Real Data,,,
CL,17256,Agent building,pointwise,Optimizing the Clinical Application of Rheumatology Guidelines Using Large Language Models: A Retrieval-Augmented Generation Framework Integrating EULAR and ACR Recommendations,"Madrid-García, Alfredo; Benavent, Diego; Plasencia-Rodríguez, Chamaida; Rosales-Rosado, Zulema; Merino-Barbancho, Beatriz; Freites-Núñez, Dalifer",EULAR Rheumatology Open,2025,https://doi.org/10.1016/j.ero.2025.08.001,Methodological Development / Retrospective Validation,Rheumatology Practice,Rheumatology,Clinical Decision Support (QA),Validation (Proof of Concept),N/S,N/S,Rheumatologists,,RAG System (ChatGPT-o3-mini based),OpenAI o3,N/S,Rheumatology (Guidelines),RAG (Retrieval-Augmented Generation),N/S,Task-Specific Prompts,Yes,Gemini 2.0 Flash,Gemini,General Domain,Guideline Selection; Evaluation,Comparison with Human Evaluators,2 (Evaluation); 2 (Selection),Rheumatologists,Kendall's coefficient; Gwet's AC2,0.46-0.60 (Kendall); 0.63-0.95 (Gwet),N/S,RAG Architecture,N/S,Scale of Evaluation,74 Guidelines; 740 Questions,EULAR / ACR Websites,Clinical Guidelines (Text),,Public (Guidelines); Private (Questions),Europe / USA,English,N/S,Yes,Formatting Noise; No Reranking; Verification Gaps,Validated on Diverse Guidelines,N/S,Proof of Concept,AI Agents; Multimodal; Hierarchical Chunking,,,
CL,17256,benchmark,pointwise,LLM Evaluations for Emotional Expressiveness and Factual Consistency in Medical Dialogue Systems using LLM-as-a-Judge,"Mahadik, Rahul; Jaiswal, Shruti; Mandal, Akhilesh; Tripathi, Sanya","2025 International Conference on Responsible, Generative and Explainable AI (ResGenXAI)",2025,10.1109/RESGENXAI64788.2025.11344029,Retrospective Evaluation / Methodological Framework,Medical Dialogue Systems,General Medicine,Medical Question Answering (QA),Validation (Proof of Concept),N/S,N/S,,,Qwen2.5:3B; Qwen3:4B; Gemma2:2B; Gemma3:4B,Qwen; Gemma,2B - 4B,General (Medical Dataset),None (Benchmarking),N/S,Task-Specific Inputs,Yes,LLaMA 3.2 (3B),Llama,General Domain,,N/S,0,,,,N/S,N/S,N/S,Edge Case Analysis,"14,979 (Total); 50 (Evaluation Sample)",MedQnA Dataset,Medical Q&A (Text),,Public,N/S,English,Yes (Tools),N/S,Model Sensitivity; Dataset Scope,Claims Adaptability,N/S,Proof of Concept,Diverse Datasets; Fine-tuning; Multilingual,"risky - no clinical evidence, or expert validation",,
CL,18157,benchmark,pointwise,Improving Automatic Evaluation of Large Language Models (LLMs) in Biomedical Relation Extraction via LLMs-as-the-Judge,"Laskar, Md Tahmid Rahman; Jahan, Israt; Dolatabadi, Elham; Peng, Chun; Hoque, Enamul; Huang, Jimmy Xiangji",Proceedings of the 63rd Annual Meeting of the Association for Computational Linguistics (ACL),2025,https://github.com/tahmedge/llm_judge_biomedical_re,Methodological Development / Retrospective Validation,Biomedical Research,Biomedical Informatics,Information Extraction (Relation Extraction),Validation (Benchmarking),N/S,N/S,None (NLP/Biomedical Researchers),,LLM-Judge (Various),GPT; Gemini; Claude; LLaMA; Qwen; Phi; DeepSeek,1.5B - 8B (Open Source),Biomedical Relation Extraction,Domain Adaptation (Transfer Learning); Structured Output,N/S,Structured Output (JSON),Yes,GPT-4o-Mini; Gemini-1.5-Flash; Claude-3-Haiku; LLaMA-3.1; Qwen-2.5; Phi-3.5; DeepSeek-R1,GPT; Gemini; Claude; LLaMA; Qwen; Phi; DeepSeek,General Domain,Gold Standard Annotation,Exact Match (EM); RMSE against Human Gold,2,Researchers (NLP/Biomedicine),Consensus (Discussion),N/S,N/S,N/S,N/S,Model Scaling; Ablation Study,"36,000 (Judgment Samples); 4,000 (Human Annotated)",BC5CDR; KD-DTI; DDI,Biomedical Text / Relations,,Public,,English,Yes,Yes,Domain Specificity; Unstructured outputs challenge judges,Tested across 3 datasets,Yes,Research Prototype,Instruction Tuning; Chain-of-Thought; Error Taxonomy,,,
CL,15498,benchmark,pointwise,Plain language adaptations of biomedical text using LLMs: Comparision of evaluation metrics,"Kocbek, Primoz; Kopitar, Leon; Stiglic, Gregor",N/S,2025,https://arxiv.org/pdf/2512.16530,Comparative Evaluation,Patient Education / Health Literacy,General Biomedical,Text Simplification,Validation (Preliminary),GDPR Compliant,N/S,Healthcare Experts (Evaluators),,GPT-4o; GPT-4o-mini,GPT,N/S,General Biomedical,Fine-Tuning; Prompting (Agents),N/S,Prompt Templates; Multi-Agent,Yes,N/S,GPT,General Domain,Qualitative Evaluation,Correlation with Human Experts,5,MSc in Healthcare,N/S,N/S,N/S,N/S,N/S,Metric Comparison,750 (Total); 40 (Human Eval),PLABA Dataset,Biomedical Abstracts (Text),,Public,,English,N/S,N/S,Fine-tuning performance; Sample size; Proprietary models,Limited,N/S,Preliminary,LLM-based metrics; Broaden study,,,
CL,18367,agent building,pointwise,VALISE: A Virtual Agent Laboratory for Instruction-Following Simulation and Evaluation of LLM-Powered Digital Health Interventions,"Bolpagni, Marco; De Carli, Simone; Sanna, Leonardo; Dragoni, Mauro; Gabrielli, Silvia",ECAI 2025 (European Conference on Artificial Intelligence),2025,10.3233/FAIA251428,Methodological Framework / Simulation,Digital Health / Behavioral Change,Behavioral Health / Preventative Medicine,Health Coaching / Intervention Delivery,Validation (Simulation),N/S,N/S,Experts (for annotation),None (Synthetic),VALISE (Framework),N/S,N/S,Behavioral Health,Persona-based Simulation,N/S,Persona Definition,Yes,N/S,N/S,Protocol Adherence,Gold Standard Annotation,Alignment with Human Experts,N/S,Experts,N/S,N/S,N/S,N/S,N/S,N/S,N/S,Synthetic (Simulated),Dialogue (Text),,N/S,,English,N/S,N/S,Early Development Stage,Extensible Framework,N/S,Research/Lab,N/S,,,
